date,symbol,session
2025-10-22,TSLA,amc
2025-10-29,META,amc
2025-10-29,MSFT,amc
2025-10-30,AAPL,amc
2025-10-30,AMZN,amc
2025-10-30,COIN,amc
2025-11-03,PLTR,amc
2025-11-04,AMD,amc
2025-11-19,NVDA,amc
2025-11-25,DELL,amc
2025-12-11,AVGO,amc
2025-12-17,MU,amc
2026-01-28,META,amc
2026-01-28,MSFT,amc
2026-01-28,TSLA,amc
2026-01-29,AAPL,amc
2026-02-02,PLTR,amc
2026-02-03,AMD,amc
2026-02-05,AMZN,amc
2026-02-12,COIN,amc
2026-02-25,NVDA,amc
2026-02-26,DELL,amc
2026-03-04,AVGO,amc
2026-03-18,MU,amc
2026-04-22,TSLA,amc
2026-04-29,AMZN,amc
2026-04-29,META,amc
2026-04-29,MSFT,amc
2026-04-30,AAPL,amc
2026-05-04,PLTR,amc
2026-05-05,AMD,amc
2026-05-07,COIN,amc
2026-05-20,NVDA,amc
2026-05-28,DELL,amc
2026-06-03,AVGO,amc
2026-06-24,MU,amc
2026-07-22,TSLA,amc
2026-07-29,META,amc
2026-07-29,MSFT,amc
2026-07-30,AAPL,amc
2026-07-30,AMZN,amc
2026-07-30,COIN,amc
2026-08-03,PLTR,amc
2026-08-04,AMD,amc
2026-08-26,NVDA,amc
2026-09-01,DELL,amc
2026-09-02,AVGO,amc
2026-09-30,MU,amc
2026-10-21,TSLA,amc
2026-10-28,META,amc
2026-10-28,MSFT,amc
2026-10-29,AMZN,amc
2026-10-29,COIN,amc
2026-11-02,AAPL,amc
2026-11-02,PLTR,amc
2026-11-03,AMD,amc
2026-11-17,NVDA,amc
2026-11-24,DELL,amc
2026-12-09,AVGO,amc
2026-12-16,MU,amc
2027-01-27,META,amc
2027-01-27,MSFT,amc
2027-01-27,TSLA,amc
2027-01-28,AAPL,amc
2027-02-01,PLTR,amc
2027-02-02,AMD,amc
2027-02-04,AMZN,amc
2027-02-11,COIN,amc
2027-02-24,NVDA,amc
2027-02-25,DELL,amc
2027-03-03,AVGO,amc
2027-03-17,MU,amc
