time,event,importance
2025-10-24 08:30,CPI,high
2025-10-29 14:00,FOMC,high
2025-11-20 08:30,NFP,high
2025-12-10 14:00,FOMC,high
2025-12-16 08:30,NFP,high
2025-12-18 08:30,CPI,high
2026-01-09 08:30,NFP,high
2026-01-13 08:30,CPI,high
2026-01-28 14:00,FOMC,high
2026-02-11 08:30,NFP,high
2026-02-13 08:30,CPI,high
2026-03-06 08:30,NFP,high
2026-03-11 08:30,CPI,high
2026-03-18 14:00,FOMC,high
2026-04-03 08:30,NFP,high
2026-04-10 08:30,CPI,high
2026-04-29 14:00,FOMC,high
2026-05-08 08:30,NFP,high
2026-05-12 08:30,CPI,high
2026-06-05 08:30,NFP,high
2026-06-10 08:30,CPI,high
2026-06-17 14:00,FOMC,high
2026-07-02 08:30,NFP,high
2026-07-14 08:30,CPI,high
2026-07-29 14:00,FOMC,high
2026-08-07 08:30,NFP,high
2026-08-12 08:30,CPI,high
2026-09-04 08:30,NFP,high
2026-09-11 08:30,CPI,high
2026-09-16 14:00,FOMC,high
2026-10-02 08:30,NFP,high
2026-10-14 08:30,CPI,high
2026-10-28 14:00,FOMC,high
2026-11-06 08:30,NFP,high
2026-11-10 08:30,CPI,high
2026-12-04 08:30,NFP,high
2026-12-09 14:00,FOMC,high
2026-12-10 08:30,CPI,high
